Data File Name,CADAM_11jan17_1_DNA 12000_DE72901785_2017-01-11_10-14-38.xad
Data File Path,C:\Program Files (x86)\Agilent\2100 bioanalyzer\2100 expert\data\2017-01-11
Date Created,"Wednesday, January 11, 2017 9:14:38 AM"
Date Last Modified,"Wednesday, January 11, 2017 9:36:50 AM"
Version Created,B.02.08.SI648
Version Last Modified,B.02.08.SI648
 
Assay Name,DNA 12000 Series II
Assay Path,C:\Program Files (x86)\Agilent\2100 bioanalyzer\2100 expert\assays\dsDNA
Assay Title,DNA 12000
Assay Version,2.4
 
Number of Samples Run,6
 
Sample Name,Sample 5
Number of Events,1581
 
Time,Value
20,-0.1588745
20.05,-0.1588745
20.1,-0.1588745
20.15,-0.1588745
20.2,-0.1588745
20.25,-0.1588745
20.3,-0.1588745
20.35,-0.1588745
20.4,-0.1588745
20.45,-0.1588745
20.5,-0.1588745
20.55,-0.1588745
20.6,-0.1588745
20.65,-0.1588745
20.7,-0.1588745
20.75,-0.1588745
20.8,-0.1588745
20.85,-0.1588745
20.9,-0.1588745
20.95,-0.1588745
21,-0.1588745
21.05,-0.1588745
21.1,-0.1588745
21.15,-0.1588745
21.2,-0.1588745
21.25,-0.1588745
21.3,-0.1588745
21.35,-0.1588745
21.4,-0.1588745
21.45,-0.1588745
21.5,-0.1588745
21.55,-0.1588745
21.6,-0.1588745
21.65,-0.1588745
21.7,-0.1588745
21.75,-0.1588745
21.8,-0.1588745
21.85,-0.1588745
21.9,-0.1588745
21.95,-0.1588745
22,-0.1588745
22.05,-0.1588745
22.1,-0.1588745
22.15,-0.1588745
22.2,-0.1588745
22.25,-0.1588745
22.3,-0.1588745
22.35,-0.1588745
22.4,-0.1588745
22.45,-0.1588745
22.5,-0.1588745
22.55,-0.1588745
22.6,-0.1588745
22.65,-0.1588745
22.7,-0.1588745
22.75,-0.1588745
22.8,-0.1588745
22.85,-0.1588745
22.9,-0.1588745
22.95,-0.1697279
23,-0.1075893
23.05,7.798971E-02
23.1,0.1727022
23.15,0.1754875
23.2,0.2045928
23.25,0.23149
23.3,0.1796257
23.35,0.1417552
23.4,-1.608956E-02
23.45,-5.652104E-02
23.5,0.1106174
23.55,0.1960844
23.6,0.2107049
23.65,0.3311982
23.7,0.5697587
23.75,0.5045456
23.8,0.3200169
23.85,0.107359
23.9,-9.968814E-03
23.95,-7.044939E-02
24,-0.1563293
24.05,-0.2396059
24.1,-0.1884462
24.15,-3.752737E-02
24.2,-0.1601348
24.25,-0.1451853
24.3,-8.372636E-02
24.35,-6.285553E-02
24.4,-6.715877E-02
24.45,-5.317565E-02
24.5,-3.897919E-02
24.55,-3.319855E-02
24.6,-6.929161E-02
24.65,-9.547441E-02
24.7,-9.749305E-02
24.75,-0.1388501
24.8,-0.1920401
24.85,-0.1921531
24.9,-0.1906897
24.95,-0.2460265
25,-0.2609349
25.05,-0.2469544
25.1,-0.1886786
25.15,-0.1318997
25.2,-9.647183E-02
25.25,-4.826636E-02
25.3,3.616992E-02
25.35,2.381084E-02
25.4,0.1732736
25.45,0.1759621
25.5,0.1165844
25.55,4.102698E-02
25.6,-0.0483698
25.65,-0.1279968
25.7,-0.1429772
25.75,-7.143009E-02
25.8,-7.166839E-02
25.85,-6.889312E-02
25.9,-0.1453124
25.95,-0.233037
26,-0.2475197
26.05,-0.2616991
26.1,-0.2653803
26.15,-0.3409298
26.2,-0.1774186
26.25,3.875358E-02
26.3,0.1620875
26.35,0.1602237
26.4,8.327189E-02
26.45,-0.0232682
26.5,-0.1979366
26.55,-0.3703505
26.6,-0.4520964
26.65,-0.3324278
26.7,-0.2361415
26.75,-0.2643936
26.8,-0.2791157
26.85,-0.2516864
26.9,-0.2121389
26.95,-0.2967816
27,-0.3516457
27.05,-0.4000666
27.1,-0.3971898
27.15,-0.3408226
27.2,-0.3155042
27.25,-0.2852277
27.3,-0.2935199
27.35,-0.2896552
27.4,-0.2585426
27.45,-0.23224
27.5,-0.2299447
27.55,-0.2387239
27.6,-0.2361755
27.65,-0.2776234
27.7,-0.2807128
27.75,-0.2973081
27.8,-0.300049
27.85,-0.1535342
27.9,0.1095269
27.95,0.3086166
28,0.3395585
28.05,0.2869878
28.1,3.95539E-03
28.15,-0.3079861
28.2,-0.6016809
28.25,-0.7452059
28.3,-0.6899884
28.35,-0.5457733
28.4,-0.4797845
28.45,-0.5011007
28.5,-0.4007803
28.55,-0.4034508
28.6,-0.4280401
28.65,-0.4649467
28.7,-0.4500348
28.75,-0.2772682
28.8,-0.2419274
28.85,-0.1980061
28.9,-0.1744212
28.95,-0.1347183
29,-0.1748173
29.05,-0.2340448
29.1,-0.2070598
29.15,-0.1200222
29.2,5.295941E-02
29.25,-0.011894
29.3,-0.0871635
29.35,-0.2393709
29.4,-0.3554944
29.45,-0.3956043
29.5,-0.3990356
29.55,-0.3439498
29.6,-0.3718973
29.65,-0.3372054
29.7,-0.3749103
29.75,-0.4400706
29.8,-0.4922287
29.85,-0.4931941
29.9,-0.4442865
29.95,-0.464338
30,-0.5599378
30.05,-0.6351261
30.1,-0.5999234
30.15,-0.5613566
30.2,-0.5196012
30.25,-0.4582462
30.3,-0.3893013
30.35,-0.1378511
30.4,-5.593874E-02
30.45,-8.013985E-02
30.5,-0.1614934
30.55,-0.2413309
30.6,-0.3365549
30.65,-0.4511656
30.7,-0.499496
30.75,-0.5087584
30.8,-0.3625578
30.85,-0.4063505
30.9,-0.478492
30.95,-0.5392137
31,-0.5069138
31.05,-0.3530412
31.1,-0.2956388
31.15,-0.3239041
31.2,-0.217098
31.25,-0.1797255
31.3,-0.1824676
31.35,-0.1933809
31.4,-0.2162586
31.45,-0.2588229
31.5,-0.272428
31.55,-0.4393092
31.6,-0.5269108
31.65,-0.525341
31.7,-0.5183591
31.75,-0.4746274
31.8,-0.3887547
31.85,-0.3616165
31.9,-0.3886956
31.95,-0.4307165
32,-0.5191892
32.05,-0.5916665
32.1,-0.6677148
32.15,-0.7029464
32.2,-0.6579716
32.25,-0.5978134
32.3,-0.5644983
32.35,-0.5782079
32.4,-0.5596662
32.45,-0.576435
32.5,-0.5667915
32.55,-0.5186105
32.6,-0.480985
32.65,-0.4546345
32.7,-0.4710063
32.75,-0.5198233
32.8,-0.5586981
32.85,-0.5251737
32.9,-0.471859
32.95,-0.4332328
33,-0.4063163
33.05,-0.4869554
33.1,-0.5277654
33.15,-0.520349
33.2,-0.4684602
33.25,-0.4167836
33.3,-0.3539551
33.35,-0.3174344
33.4,-0.3982668
33.45,-0.4581243
33.5,-0.5697771
33.55,-0.6056982
33.6,-0.59058
33.65,-0.5533295
33.7,-0.537011
33.75,-0.5577657
33.8,-0.5764734
33.85,-0.5856427
33.9,-0.5569472
33.95,-0.5951522
34,-0.5949336
34.05,-0.5543044
34.1,-0.5382899
34.15,-0.5679644
34.2,-0.5247899
34.25,-0.3259358
34.3,6.292877E-02
34.35,0.8734781
34.4,2.649019
34.45,5.869258
34.5,10.88534
34.55,17.99291
34.6,27.57744
34.65,40.21327
34.7,54.73814
34.75,70.09734
34.8,85.52152
34.85,100.2169
34.9,113.1246
34.95,122.9199
35,128.5011
35.05,127.7244
35.1,121.1317
35.15,109.2904
35.2,93.78033
35.25,76.43236
35.3,59.07409
35.35,43.4071
35.4,30.5525
35.45,20.98401
35.5,13.89385
35.55,8.871866
35.6,5.486491
35.65,3.293609
35.7,1.85727
35.75,0.8205454
35.8,0.3249915
35.85,8.346306E-02
35.9,-0.1189761
35.95,-0.2625577
36,-0.3523975
36.05,-0.4051643
36.1,-0.4368622
36.15,-0.4919275
36.2,-0.5283921
36.25,-0.4904533
36.3,-0.4699563
36.35,-0.5285875
36.4,-0.5455137
36.45,-0.468665
36.5,-0.4151716
36.55,-0.2255798
36.6,-6.764308E-02
36.65,-8.282881E-02
36.7,-0.1445171
36.75,-0.2277466
36.8,-0.3420594
36.85,-0.4486998
36.9,-0.4631909
36.95,-0.5717872
37,-0.4655544
37.05,-0.420042
37.1,-0.4425143
37.15,-0.4584024
37.2,-0.437674
37.25,-0.4354552
37.3,-0.5246885
37.35,-0.4861907
37.4,-0.5175266
37.45,-0.53085
37.5,-0.523654
37.55,-0.5518698
37.6,-0.6293734
37.65,-0.6907756
37.7,-0.6626451
37.75,-0.6161209
37.8,-0.5270501
37.85,-0.53844
37.9,-0.5510882
37.95,-0.5544181
38,-0.5951208
38.05,-0.6690467
38.1,-0.6993054
38.15,-0.6556275
38.2,-0.5698178
38.25,-0.5243275
38.3,-0.5120538
38.35,-0.4592055
38.4,-0.3657598
38.45,-0.3732659
38.5,-0.3731728
38.55,-0.4275824
38.6,-0.4752374
38.65,-0.5069025
38.7,-0.5258354
38.75,-0.5621692
38.8,-0.6137117
38.85,-0.5836667
38.9,-0.635537
38.95,-0.6210506
39,-0.5947231
39.05,-0.4905789
39.1,-0.3709296
39.15,-0.3738436
39.2,-0.4411368
39.25,2.823683E-02
39.3,0.3321392
39.35,0.3475457
39.4,0.2703765
39.45,9.947088E-02
39.5,1.335522E-02
39.55,7.170688E-02
39.6,6.514378E-02
39.65,0.1242836
39.7,0.3430471
39.75,0.1618345
39.8,-6.400616E-02
39.85,-0.2397797
39.9,-0.3554769
39.95,-0.3906494
40,-0.3376808
40.05,-0.4653466
40.1,-0.4715317
40.15,-0.5482571
40.2,-0.5244384
40.25,-0.4856765
40.3,-0.4942854
40.35,-0.5219386
40.4,-0.5998652
40.45,-0.6947873
40.5,-0.6155151
40.55,-0.4895313
40.6,-0.4241643
40.65,-0.3824224
40.7,-0.3677566
40.75,-0.4661226
40.8,-0.6276009
40.85,-0.7839706
40.9,-0.8139738
40.95,-0.7502444
41,-0.6886824
41.05,-0.6639704
41.1,-0.6449063
41.15,-0.6043242
41.2,-0.6488152
41.25,-0.7325249
41.3,-0.7594569
41.35,-0.7320265
41.4,-0.6719281
41.45,-0.594934
41.5,-0.5355443
41.55,-0.5487005
41.6,-0.5092725
41.65,-0.5749038
41.7,-0.4938222
41.75,-0.379528
41.8,-0.2822303
41.85,-0.2493947
41.9,-0.3147951
41.95,-0.4221494
42,-0.5908113
42.05,-0.5969599
42.1,-0.5795082
42.15,-0.5651527
42.2,-0.5965561
42.25,-0.6747572
42.3,-0.7308887
42.35,-0.6870824
42.4,-0.6149583
42.45,-0.5928454
42.5,-0.5267356
42.55,-0.5382992
42.6,-0.6365758
42.65,-0.7457224
42.7,-0.8158655
42.75,-0.8303238
42.8,-0.7935236
42.85,-0.8059552
42.9,-0.7961464
42.95,-0.7406241
43,-0.6893441
43.05,-0.6716574
43.1,-0.6246478
43.15,-0.6714015
43.2,-0.7280827
43.25,-0.7755982
43.3,-0.8458767
43.35,-0.8913433
43.4,-0.8919476
43.45,-0.8692356
43.5,-0.8052459
43.55,-0.6356006
43.6,-0.605379
43.65,-0.5414513
43.7,-0.5588354
43.75,-0.6417228
43.8,-0.7304981
43.85,-0.8019949
43.9,-0.804138
43.95,-0.7816401
44,-0.7595732
44.05,-0.7601077
44.1,-0.7461316
44.15,-0.7587776
44.2,-0.7697314
44.25,-0.6597528
44.3,-0.717825
44.35,-0.6269956
44.4,-0.6890622
44.45,-0.7868847
44.5,-0.8797299
44.55,-0.9723995
44.6,-1.032564
44.65,-0.9511018
44.7,-0.7545865
44.75,-0.7540673
44.8,-0.6561008
44.85,-0.6778613
44.9,-0.7499669
44.95,-0.8204726
45,-0.915789
45.05,-0.9336283
45.1,-0.9503191
45.15,-0.7919396
45.2,-0.6952811
45.25,-0.5887583
45.3,-0.509482
45.35,-0.5100623
45.4,-0.5801729
45.45,-0.7310495
45.5,-0.8161379
45.55,-0.8686441
45.6,-0.8890469
45.65,-0.9542232
45.7,-1.011918
45.75,-1.006902
45.8,-1.002896
45.85,-0.9980714
45.9,-0.98065
45.95,-0.9403579
46,-0.9131683
46.05,-0.9519148
46.1,-1.024645
46.15,-1.061925
46.2,-1.065096
46.25,-1.089109
46.3,-1.072502
46.35,-1.070628
46.4,-1.022219
46.45,-0.9898336
46.5,-1.030777
46.55,-1.119137
46.6,-1.172888
46.65,-1.184196
46.7,-1.202412
46.75,-1.189147
46.8,-1.195961
46.85,-1.155553
46.9,-1.072242
46.95,-1.061823
47,-1.06191
47.05,-1.135131
47.1,-1.181614
47.15,-1.194605
47.2,-1.209854
47.25,-1.200074
47.3,-1.13668
47.35,-1.0725
47.4,-1.120194
47.45,-1.196401
47.5,-1.296574
47.55,-1.279982
47.6,-1.209383
47.65,-1.12825
47.7,-1.039199
47.75,-0.993531
47.8,-1.054739
47.85,-1.165663
47.9,-1.30387
47.95,-1.380584
48,-1.3652
48.05,-1.306892
48.1,-1.262314
48.15,-1.186074
48.2,-1.162952
48.25,-1.156206
48.3,-1.180492
48.35,-1.185552
48.4,-1.181607
48.45,-1.192366
48.5,-1.217231
48.55,-1.266974
48.6,-1.307149
48.65,-1.328359
48.7,-1.212053
48.75,-1.073753
48.8,-0.9905427
48.85,-1.002977
48.9,-1.138709
48.95,-1.208768
49,-1.363062
49.05,-1.44873
49.1,-1.481691
49.15,-1.452023
49.2,-1.435887
49.25,-1.493093
49.3,-1.525803
49.35,-1.597077
49.4,-1.485691
49.45,-1.389295
49.5,-1.331188
49.55,-1.320502
49.6,-1.354266
49.65,-1.436105
49.7,-1.5937
49.75,-1.569754
49.8,-1.528445
49.85,-1.346231
49.9,-1.167982
49.95,-1.086572
50,-1.10766
50.05,-1.186235
50.1,-1.270618
50.15,-1.317182
50.2,-1.292694
50.25,-1.283536
50.3,-1.284354
50.35,-1.293857
50.4,-1.327799
50.45,-1.384676
50.5,-1.374032
50.55,-1.261308
50.6,-1.249016
50.65,-1.328979
50.7,-1.448038
50.75,-1.445019
50.8,-1.263925
50.85,-1.160083
50.9,-1.057912
50.95,-1.038265
51,-1.120792
51.05,-1.283047
51.1,-1.464105
51.15,-1.589071
51.2,-1.58217
51.25,-1.392924
51.3,-1.386385
51.35,-1.358211
51.4,-1.393745
51.45,-1.424619
51.5,-1.452017
51.55,-1.507218
51.6,-1.577765
51.65,-1.587566
51.7,-1.497694
51.75,-1.525927
51.8,-1.584043
51.85,-1.64857
51.9,-1.672547
51.95,-1.662257
52,-1.701359
52.05,-1.654861
52.1,-1.648119
52.15,-1.509309
52.2,-1.455375
52.25,-1.482148
52.3,-1.538241
52.35,-1.597141
52.4,-1.651384
52.45,-1.818358
52.5,-1.830845
52.55,-1.82066
52.6,-1.712036
52.65,-1.618599
52.7,-1.602856
52.75,-1.602872
52.8,-1.605276
52.85,-1.647697
52.9,-1.706464
52.95,-1.742528
53,-1.753891
53.05,-1.692052
53.1,-1.572371
53.15,-1.489639
53.2,-1.412287
53.25,-1.407025
53.3,-1.454702
53.35,-1.558212
53.4,-1.63639
53.45,-1.677683
53.5,-1.645645
53.55,-1.446346
53.6,-1.370394
53.65,-1.37709
53.7,-1.493492
53.75,-1.589384
53.8,-1.696305
53.85,-1.806833
53.9,-1.879766
53.95,-1.947823
54,-1.90692
54.05,-1.74646
54.1,-1.615029
54.15,-1.53885
54.2,-1.457765
54.25,-1.422067
54.3,-1.533101
54.35,-1.652641
54.4,-1.861369
54.45,-1.859081
54.5,-1.807043
54.55,-1.790977
54.6,-1.766431
54.65,-1.705601
54.7,-1.695069
54.75,-1.84267
54.8,-1.917419
54.85,-2.074724
54.9,-2.029297
54.95,-1.964294
55,-1.926626
55.05,-1.879996
55.1,-1.903398
55.15,-1.952527
55.2,-1.952513
55.25,-1.945805
55.3,-1.946513
55.35,-1.882949
55.4,-1.813209
55.45,-1.818965
55.5,-1.787206
55.55,-1.853571
55.6,-1.817206
55.65,-1.782106
55.7,-1.825519
55.75,-1.944403
55.8,-2.047681
55.85,-2.049315
55.9,-2.023008
55.95,-2.031247
56,-2.018334
56.05,-1.929017
56.1,-1.891009
56.15,-1.90507
56.2,-1.920341
56.25,-1.921976
56.3,-1.860629
56.35,-1.899143
56.4,-1.982214
56.45,-1.98072
56.5,-1.925708
56.55,-1.868435
56.6,-1.826084
56.65,-1.796779
56.7,-1.858532
56.75,-1.794853
56.8,-1.824484
56.85,-1.891447
56.9,-1.943391
56.95,-1.960093
57,-1.9539
57.05,-1.954038
57.1,-1.982877
57.15,-2.006133
57.2,-1.877344
57.25,-1.791131
57.3,-1.765214
57.35,-1.758635
57.4,-1.762307
57.45,-1.758387
57.5,-1.79444
57.55,-1.928968
57.6,-1.915392
57.65,-1.833049
57.7,-1.839334
57.75,-1.874304
57.8,-1.716609
57.85,-1.655366
57.9,-1.629001
57.95,-1.676311
58,-1.791054
58.05,-1.873968
58.1,-1.920875
58.15,-1.967833
58.2,-1.969074
58.25,-1.815947
58.3,-1.894717
58.35,-1.910965
58.4,-1.873666
58.45,-1.847492
58.5,-1.863205
58.55,-1.870583
58.6,-1.768666
58.65,-1.698979
58.7,-1.6409
58.75,-1.609148
58.8,-1.600592
58.85,-1.660139
58.9,-1.778419
58.95,-1.887338
59,-1.978188
59.05,-1.930947
59.1,-1.923543
59.15,-1.92777
59.2,-1.896622
59.25,-1.850514
59.3,-1.820563
59.35,-1.802905
59.4,-1.811428
59.45,-1.890617
59.5,-1.897906
59.55,-1.833385
59.6,-1.750279
59.65,-1.655429
59.7,-1.5502
59.75,-1.496512
59.8,-1.553043
59.85,-1.733115
59.9,-1.873996
59.95,-1.920372
60,-1.941859
60.05,-1.960135
60.1,-1.945314
60.15,-1.920252
60.2,-1.847137
60.25,-1.894679
60.3,-1.930518
60.35,-1.9602
60.4,-1.929792
60.45,-1.862046
60.5,-1.836084
60.55,-1.763973
60.6,-1.666944
60.65,-1.638007
60.7,-1.705234
60.75,-1.799793
60.8,-1.900983
60.85,-1.98723
60.9,-1.988516
60.95,-1.851013
61,-1.736609
61.05,-1.690857
61.1,-1.714947
61.15,-1.793899
61.2,-1.913008
61.25,-2.044796
61.3,-2.128735
61.35,-2.063202
61.4,-1.963719
61.45,-1.963034
61.5,-1.971288
61.55,-1.943601
61.6,-1.8971
61.65,-1.87933
61.7,-1.910926
61.75,-1.911417
61.8,-1.892027
61.85,-1.933746
61.9,-1.940852
61.95,-1.904182
62,-1.839619
62.05,-1.760583
62.1,-1.74306
62.15,-1.824268
62.2,-1.890183
62.25,-1.909304
62.3,-1.915598
62.35,-1.895324
62.4,-1.856771
62.45,-1.865871
62.5,-1.912369
62.55,-2.046174
62.6,-2.152697
62.65,-2.038489
62.7,-1.780123
62.75,-1.565344
62.8,-1.500791
62.85,-1.531853
62.9,-1.761829
62.95,-1.993929
63,-2.128428
63.05,-2.190795
63.1,-2.158701
63.15,-2.07982
63.2,-2.035566
63.25,-2.005991
63.3,-1.980024
63.35,-1.971079
63.4,-1.910157
63.45,-1.839196
63.5,-1.828221
63.55,-1.869481
63.6,-1.894446
63.65,-1.925004
63.7,-1.815158
63.75,-1.816564
63.8,-1.856093
63.85,-1.876777
63.9,-1.87475
63.95,-1.873596
64,-1.892908
64.05,-1.952686
64.1,-1.903671
64.15,-1.859423
64.2,-1.896389
64.25,-1.927523
64.3,-1.913225
64.35,-1.89585
64.4,-1.922587
64.45,-1.927171
64.5,-2.012633
64.55,-2.016899
64.6,-2.071803
64.65,-2.114655
64.7,-2.101024
64.75,-2.074107
64.8,-2.067377
64.85,-1.997563
64.9,-1.978032
64.95,-2.011427
65,-2.014089
65.05,-2.017643
65.1,-2.030408
65.15,-2.001775
65.2,-1.978725
65.25,-1.953474
65.3,-1.98466
65.35,-1.995731
65.4,-1.972325
65.45,-1.902899
65.5,-1.81342
65.55,-1.77448
65.6,-1.798318
65.65,-1.823669
65.7,-1.915604
65.75,-2.047133
65.8,-2.105503
65.85,-2.064761
65.9,-1.962649
65.95,-1.823861
66,-1.796006
66.05,-1.785421
66.1,-1.847306
66.15,-1.906067
66.2,-1.975199
66.25,-2.039717
66.3,-2.056703
66.35,-2.054606
66.4,-2.071604
66.45,-2.064548
66.5,-2.034252
66.55,-1.972899
66.6,-1.8557
66.65,-1.743542
66.7,-1.742003
66.75,-1.776979
66.8,-1.834112
66.85,-1.825594
66.9,-1.830737
66.95,-1.843711
67,-1.852211
67.05,-1.835014
67.1,-1.776009
67.15,-1.76252
67.2,-1.750618
67.25,-1.764543
67.3,-1.781604
67.35,-1.870028
67.4,-1.974749
67.45,-1.99894
67.5,-1.96989
67.55,-1.900251
67.6,-1.903046
67.65,-1.876358
67.7,-1.881262
67.75,-1.881201
67.8,-1.882059
67.85,-1.943215
67.9,-2.037906
67.95,-1.766515
68,-1.34473
68.05,-1.06969
68.1,-0.9640024
68.15,-1.07249
68.2,-1.325026
68.25,-1.567476
68.3,-1.87048
68.35,-2.015663
68.4,-1.935602
68.45,-1.871125
68.5,-1.883876
68.55,-1.938191
68.6,-1.980429
68.65,-1.981605
68.7,-1.886026
68.75,-1.853767
68.8,-1.846088
68.85,-1.886136
68.9,-1.929825
68.95,-1.960923
69,-2.004267
69.05,-2.070057
69.1,-2.016002
69.15,-1.948613
69.2,-1.919357
69.25,-1.904855
69.3,-1.851384
69.35,-1.743389
69.4,-1.61546
69.45,-1.520036
69.5,-1.606859
69.55,-1.733427
69.6,-1.816262
69.65,-1.866568
69.7,-1.877824
69.75,-1.84577
69.8,-1.784072
69.85,-1.703365
69.9,-1.662778
69.95,-1.783799
70,-1.861552
70.05,-1.871725
70.1,-1.906387
70.15,-2.008364
70.2,-2.078875
70.25,-2.0326
70.3,-1.883332
70.35,-1.802407
70.4,-1.775754
70.45,-1.798458
70.5,-1.849193
70.55,-1.913815
70.6,-2.00438
70.65,-2.035293
70.7,-1.971089
70.75,-1.94283
70.8,-1.935373
70.85,-1.922812
70.9,-1.926432
70.95,-1.894772
71,-1.563349
71.05,-1.38686
71.1,-1.327072
71.15,-1.416265
71.2,-1.533001
71.25,-1.637578
71.3,-1.744201
71.35,-1.855262
71.4,-1.922054
71.45,-1.645505
71.5,-1.586278
71.55,-1.555156
71.6,-1.517458
71.65,-1.474222
71.7,-1.472557
71.75,-1.580588
71.8,-1.690415
71.85,-1.773165
71.9,-1.80239
71.95,-1.830957
72,-1.813419
72.05,-1.740959
72.1,-1.639174
72.15,-1.514937
72.2,-1.470443
72.25,-1.504544
72.3,-1.602656
72.35,-1.665827
72.4,-1.72814
72.45,-1.739678
72.5,-1.575351
72.55,-1.273738
72.6,-1.162585
72.65,-1.239021
72.7,-1.364776
72.75,-1.5471
72.8,-1.667914
72.85,-1.677496
72.9,-1.631757
72.95,-1.401173
73,-1.254342
73.05,-1.268439
73.1,-1.212966
73.15,-1.249281
73.2,-1.429075
73.25,-1.619627
73.3,-1.651056
73.35,-1.591089
73.4,-1.475614
73.45,-1.364221
73.5,-1.273657
73.55,-1.215278
73.6,-1.293503
73.65,-1.525768
73.7,-1.650182
73.75,-1.542631
73.8,-1.414871
73.85,-1.397872
73.9,-1.3999
73.95,-1.308453
74,-1.176917
74.05,-1.116198
74.1,-0.997381
74.15,-0.8901585
74.2,-0.7971628
74.25,-0.9283675
74.3,-1.036064
74.35,-1.098125
74.4,-1.136737
74.45,-1.105637
74.5,-1.134402
74.55,-1.049121
74.6,-1.048242
74.65,-1.006305
74.7,-1.003822
74.75,-1.061182
74.8,-1.10238
74.85,-1.037127
74.9,-0.905119
74.95,-0.8278432
75,-0.7675633
75.05,-0.7011959
75.1,-0.613753
75.15,-0.5253638
75.2,-0.4479567
75.25,-0.3218442
75.3,-3.114211E-02
75.35,4.393727E-02
75.4,0.1039441
75.45,0.164275
75.5,0.2377456
75.55,0.3497403
75.6,0.5003536
75.65,0.6166596
75.7,0.7421823
75.75,0.7326803
75.8,0.8587125
75.85,0.9209841
75.9,0.8988286
75.95,0.8902563
76,0.9306877
76.05,0.890734
76.1,0.7844048
76.15,0.8687614
76.2,0.9832932
76.25,1.221949
76.3,1.554236
76.35,1.917495
76.4,2.367883
76.45,2.909684
76.5,3.123109
76.55,3.367372
76.6,3.571876
76.65,3.577911
76.7,3.441741
76.75,3.27409
76.8,2.984093
76.85,2.98501
76.9,3.419453
76.95,3.688447
77,4.075923
77.05,4.570098
77.1,5.04522
77.15,5.373203
77.2,5.379317
77.25,5.517377
77.3,6.141879
77.35,6.817353
77.4,7.330271
77.45,7.620594
77.5,7.714972
77.55,7.635263
77.6,7.320071
77.65,7.184421
77.7,7.5523
77.75,8.065554
77.8,8.649205
77.85,9.139093
77.9,9.419504
77.95,9.623328
78,9.986098
78.05,9.991913
78.1,10.24341
78.15,10.16806
78.2,10.12865
78.25,10.33765
78.3,10.61185
78.35,10.77593
78.4,11.00546
78.45,11.73569
78.5,11.9781
78.55,12.18141
78.6,12.56229
78.65,13.04219
78.7,13.41593
78.75,13.56213
78.8,13.54967
78.85,13.63628
78.9,13.65453
78.95,13.63035
79,13.75456
79.05,13.94994
79.1,13.84988
79.15,13.56869
79.2,14.13707
79.25,14.93887
79.3,15.25451
79.35,15.30939
79.4,15.25688
79.45,14.91377
79.5,14.13291
79.55,14.02199
79.6,14.62104
79.65,15.74623
79.7,16.74734
79.75,17.49645
79.8,18.02698
79.85,18.16226
79.9,17.53572
79.95,17.3332
80,17.79597
80.05,18.46874
80.1,19.44851
80.15,20.38578
80.2,20.8784
80.25,20.54562
80.3,18.81238
80.35,17.37211
80.4,16.59843
80.45,16.43759
80.5,17.08336
80.55,18.30185
80.6,19.7206
80.65,20.93913
80.7,21.01056
80.75,20.60329
80.8,19.91022
80.85,19.71819
80.9,19.88085
80.95,20.05072
81,20.44436
81.05,21.72391
81.1,22.44393
81.15,23.12756
81.2,23.30564
81.25,23.01807
81.3,22.79149
81.35,22.6365
81.4,22.27007
81.45,22.07771
81.5,23.58881
81.55,24.73903
81.6,25.68147
81.65,25.90961
81.7,25.71136
81.75,25.50082
81.8,25.24558
81.85,24.5409
81.9,25.17064
81.95,25.93728
82,26.18788
82.05,26.84117
82.1,27.50535
82.15,28.11552
82.2,29.42541
82.25,29.80769
82.3,30.00402
82.35,30.71647
82.4,30.55043
82.45,30.49884
82.5,31.1236
82.55,31.87448
82.6,32.12748
82.65,34.33749
82.7,34.14193
82.75,33.88988
82.8,33.9873
82.85,34.42961
82.9,34.53769
82.95,34.05701
83,34.29084
83.05,34.47868
83.1,35.34912
83.15,34.02208
83.2,32.59859
83.25,31.68177
83.3,31.31399
83.35,31.69608
83.4,32.67395
83.45,34.89656
83.5,36.42824
83.55,37.79119
83.6,37.93756
83.65,37.03774
83.7,35.85195
83.75,34.91465
83.8,34.99224
83.85,36.50277
83.9,37.37212
83.95,38.23066
84,39.01604
84.05,39.56996
84.1,40.25596
84.15,41.61495
84.2,41.10844
84.25,41.12738
84.3,41.79512
84.35,41.87259
84.4,42.04935
84.45,42.67992
84.5,43.62534
84.55,45.25369
84.6,45.66747
84.65,45.49745
84.7,45.78742
84.75,45.1547
84.8,43.74727
84.85,43.20678
84.9,44.82436
84.95,46.95488
85,48.08747
85.05,49.03872
85.1,49.90507
85.15,49.18648
85.2,48.00728
85.25,48.66045
85.3,52.32301
85.35,58.3114
85.4,60.18141
85.45,59.5881
85.5,58.18965
85.55,56.39305
85.6,54.22073
85.65,52.4194
85.7,52.58849
85.75,54.15231
85.8,56.4996
85.85,57.4253
85.9,58.54628
85.95,59.72242
86,60.24909
86.05,60.42112
86.1,61.78565
86.15,60.02966
86.2,59.32897
86.25,59.27981
86.3,59.49709
86.35,59.14695
86.4,58.13786
86.45,57.17466
86.5,56.50375
86.55,59.07247
86.6,58.92402
86.65,60.25636
86.7,62.53769
86.75,64.32137
86.8,65.0776
86.85,65.49214
86.9,65.83902
86.95,65.53462
87,68.46737
87.05,70.51105
87.1,71.18266
87.15,71.29115
87.2,71.3162
87.25,71.34417
87.3,74.75932
87.35,76.20844
87.4,76.14099
87.45,75.88223
87.5,76.81905
87.55,77.91669
87.6,77.84289
87.65,79.07787
87.7,83.84571
87.75,87.08344
87.8,83.32539
87.85,78.55813
87.9,74.64063
87.95,73.56792
88,76.98605
88.05,78.41865
88.1,79.78758
88.15,79.43074
88.2,76.8949
88.25,71.83316
88.3,68.98759
88.35,70.73197
88.4,73.08426
88.45,74.99111
88.5,72.67522
88.55,72.85887
88.6,73.29388
88.65,74.00472
88.7,74.81694
88.75,76.40012
88.8,80.4063
88.85,80.63561
88.9,79.22614
88.95,79.63437
89,79.98369
89.05,79.46046
89.1,78.9556
89.15,79.03653
89.2,77.69446
89.25,77.43034
89.3,78.55155
89.35,80.79989
89.4,87.41874
89.45,96.02461
89.5,103.7918
89.55,110.5961
89.6,116.364
89.65,113.6907
89.7,110.0502
89.75,111.0241
89.8,112.181
89.85,114.3905
89.9,119.9411
89.95,126.8206
90,130.9073
90.05,125.9596
90.1,117.5431
90.15,114.0401
90.2,113.8461
90.25,114.6427
90.3,115.9032
90.35,117.4096
90.4,117.0416
90.45,110.2845
90.5,103.6206
90.55,98.21502
90.6,93.53363
90.65,89.00326
90.7,84.9998
90.75,82.55537
90.8,78.64491
90.85,75.38652
90.9,72.49835
90.95,70.9922
91,68.45377
91.05,64.25522
91.1,60.85554
91.15,58.42596
91.2,54.89179
91.25,52.70452
91.3,49.55698
91.35,45.77537
91.4,42.44836
91.45,39.44958
91.5,35.51028
91.55,32.37352
91.6,31.60598
91.65,33.31613
91.7,34.73664
91.75,35.06031
91.8,34.34482
91.85,32.98946
91.9,31.2821
91.95,27.81587
92,25.70624
92.05,25.74566
92.1,26.83694
92.15,28.09593
92.2,28.62695
92.25,27.59226
92.3,24.64886
92.35,20.35169
92.4,17.7566
92.45,16.91782
92.5,16.78438
92.55,17.25981
92.6,18.64553
92.65,20.11843
92.7,18.35199
92.75,17.23217
92.8,17.18303
92.85,17.34259
92.9,16.46656
92.95,15.28175
93,14.52856
93.05,13.43405
93.1,11.99111
93.15,9.126824
93.2,7.534339
93.25,7.149095
93.3,6.384969
93.35,5.58107
93.4,6.328306
93.45,8.797712
93.5,9.837233
93.55,11.85582
93.6,12.23996
93.65,11.72759
93.7,10.93175
93.75,9.568338
93.8,7.562944
93.85,6.69267
93.9,6.510546
93.95,6.334688
94,7.45176
94.05,7.370637
94.1,6.278996
94.15,4.850152
94.2,2.953248
94.25,1.507418
94.3,1.909449
94.35,2.402796
94.4,3.308608
94.45,4.184778
94.5,4.001454
94.55,2.68334
94.6,1.670862
94.65,1.540276
94.7,1.727615
94.75,1.611315
94.8,0.8568363
94.85,0.5031065
94.9,0.4673565
94.95,0.4545509
95,1.448852
95.05,2.20737
95.1,2.897859
95.15,2.819511
95.2,2.065495
95.25,1.302678
95.3,0.8858321
95.35,0.7035268
95.4,0.6932972
95.45,1.094903
95.5,-0.0564209
95.55,-0.6037621
95.6,-0.4278414
95.65,0.1893093
95.7,0.8993513
95.75,1.259705
95.8,0.5676644
95.85,0.1606452
95.9,-0.4628155
95.95,-1.489718
96,-1.72082
96.05,-1.235886
96.1,-0.8653661
96.15,-1.018005
96.2,-1.595901
96.25,-1.839045
96.3,-1.463669
96.35,-1.461091
96.4,-1.119586
96.45,-0.3572424
96.5,0.1352825
96.55,-3.834983E-02
96.6,-0.429118
96.65,-1.034762
96.7,-1.411162
96.75,-1.669732
96.8,-1.921572
96.85,-2.011046
96.9,-1.920998
96.95,-2.36576
97,-2.567721
97.05,-2.642547
97.1,-2.539294
97.15,-2.117414
97.2,-1.656841
97.25,-1.322167
97.3,-1.040478
97.35,-1.162201
97.4,-1.57404
97.45,-1.924304
97.5,-2.045672
97.55,-1.94353
97.6,-1.773499
97.65,-1.684047
97.7,-1.699252
97.75,-1.803907
97.8,-2.20885
97.85,-2.117659
97.9,-1.996598
97.95,-1.902831
98,-1.875517
98.05,-1.929752
98.1,-1.941945
98.15,-2.144443
98.2,-2.25623
98.25,-1.980801
98.3,-1.511709
98.35,-1.255371
98.4,-1.191454
98.45,-1.111707
98.5,-1.403466
98.55,-1.634271
98.6,-2.160961
98.65,-2.264896
98.7,-2.123263
98.75,-1.917915
98.8,-1.734661
98.85,-1.587617
98.9,-1.436866
98.95,-1.727448
99,-1.849769
 
Alignment,On
